{
  "project_info": {
    "project_number": "359845533897",
    "project_id": "cabxury",
    "storage_bucket": "cabxury.appspot.com"
  },
  "client": [
    {
      "client_info": {
        "mobilesdk_app_id": "1:359845533897:android:df062b7eabfb66769a1518",
        "android_client_info": {
          "package_name": "com.example.cabxury"
        }
      },
      "oauth_client": [
        {
          "client_id": "359845533897-cml3aub915ja0u3ecfsuga9tgiph9c0v.apps.googleusercontent.com",
          "client_type": 3
        }
      ],
      "api_key": [
        {
          "current_key": "AIzaSyBHqdB70pYjDrzbmFkbHSg1wM7UwnX4wI8"
        }
      ],
      "services": {
        "appinvite_service": {
          "other_platform_oauth_client": [
            {
              "client_id": "359845533897-cml3aub915ja0u3ecfsuga9tgiph9c0v.apps.googleusercontent.com",
              "client_type": 3
            }
          ]
        }
      }
    }
  ],
  "configuration_version": "1"
}