{"v":"5.6.5","fr":25,"ip":0,"op":108,"w":1000,"h":400,"nm":"Google Pay","ddd":0,"assets":[{"layers":[{"ddd":0,"ind":1,"ty":1,"nm":"Vermelho","sr":1,"ks":{"o":{"a":0,"k":100,"ix":11},"r":{"a":0,"k":0,"ix":10},"p":{"a":0,"k":[211.25,391.625,0],"ix":2},"a":{"a":0,"k":[500,500,0],"ix":1},"s":{"a":0,"k":[100,100,100],"ix":6}},"ao":0,"hasMask":true,"masksProperties":[{"inv":false,"mode":"f","pt":{"a":0,"k":{"i":[[0,0],[-14.053,-13.405],[0,0],[33.82,-0.41],[23.118,-45.996],[0,0],[-34.898,0.43]],"o":[[19.419,-0.315],[0,0],[-24.659,-23.15],[-51.479,0.001],[0,0],[10.817,-33.182],[0,0]],"v":[[515.289,499.046],[567.524,519.474],[606.41,480.587],[515.265,445.145],[393.59,520.172],[438.809,555.265],[515.273,499.046]],"c":true},"ix":1},"o":{"a":0,"k":100,"ix":3},"x":{"a":0,"k":0,"ix":4},"nm":"Máscara 1"}],"sw":1000,"sh":1000,"sc":"#ea4335","ip":0,"op":250,"st":0,"bm":0},{"ddd":0,"ind":2,"ty":1,"nm":"Amarelo Sólido 1","sr":1,"ks":{"o":{"a":0,"k":100,"ix":11},"r":{"a":0,"k":0,"ix":10},"p":{"a":0,"k":[117.5,472.75,0],"ix":2},"a":{"a":0,"k":[500,500,0],"ix":1},"s":{"a":0,"k":[100,100,100],"ix":6}},"ao":0,"hasMask":true,"masksProperties":[{"inv":false,"mode":"f","pt":{"a":0,"k":{"i":[[0,0],[-5.697,16.905],[0,0],[0,0],[-19.334,-38.475]],"o":[[-5.697,-16.905],[0,0],[0,0],[-19.334,38.475],[0,0]],"v":[[532.285,526.034],[532.285,473.918],[532.285,438.849],[487.05,438.849],[487.05,561.151]],"c":true},"ix":1},"o":{"a":0,"k":100,"ix":3},"x":{"a":0,"k":0,"ix":4},"nm":"Máscara 1"}],"sw":1000,"sh":1000,"sc":"#fbbc04","ip":0,"op":250,"st":0,"bm":0},{"ddd":0,"ind":3,"ty":1,"nm":"Verde","sr":1,"ks":{"o":{"a":0,"k":100,"ix":11},"r":{"a":0,"k":0,"ix":10},"p":{"a":0,"k":[210.75,554.75,0],"ix":2},"a":{"a":0,"k":[500,500,0],"ix":1},"s":{"a":0,"k":[100,100,100],"ix":6}},"ao":0,"hasMask":true,"masksProperties":[{"inv":false,"mode":"f","pt":{"a":0,"k":{"i":[[0,0],[-24.808,22.039],[0,0],[24.596,38.424],[2.152,6.394],[0,0],[0,0],[-51.483,-0.002]],"o":[[33.171,0.928],[0,0],[-38.424,24.597],[-3.638,-5.682],[0,0],[0,0],[23.118,46.001],[0,0]],"v":[[515.713,554.596],[605.97,521.733],[562.076,487.695],[447.967,462.659],[439.25,444.476],[394.03,444.476],[394.03,479.569],[515.713,554.604]],"c":true},"ix":1},"o":{"a":0,"k":100,"ix":3},"x":{"a":0,"k":0,"ix":4},"nm":"Máscara 1"}],"sw":1000,"sh":1000,"sc":"#34a853","ip":0,"op":250,"st":0,"bm":0},{"ddd":0,"ind":4,"ty":1,"nm":"Médio Azul marinho Sólido 1","sr":1,"ks":{"o":{"a":0,"k":100,"ix":11},"r":{"a":0,"k":0,"ix":10},"p":{"a":0,"k":[293,511.5,0],"ix":2},"a":{"a":0,"k":[500,500,0],"ix":1},"s":{"a":0,"k":[100,100,100],"ix":6}},"ao":0,"hasMask":true,"masksProperties":[{"inv":false,"mode":"f","pt":{"a":0,"k":{"i":[[0,0],[1.57,9.146],[0,0],[0,0],[0,0],[14.337,-9.507],[0,0],[0,0],[1.245,37.605]],"o":[[0.012,-9.28],[0,0],[0,0],[0,0],[-3.039,16.932],[0,0],[0,0],[27.042,-26.162],[0,0]],"v":[[564.778,463.772],[562.437,436.083],[434.001,436.083],[434.001,488.525],[507.551,488.525],[480.347,529.919],[480.347,563.917],[524.241,563.917],[564.754,463.772]],"c":true},"ix":1},"o":{"a":0,"k":100,"ix":3},"x":{"a":0,"k":0,"ix":4},"nm":"Máscara 1"}],"sw":1000,"sh":1000,"sc":"#4285f4","ip":0,"op":250,"st":0,"bm":0}],"id":141,"nm":"Google","xt":1,"w":1000,"h":1000},{"id":"comp_0","layers":[{"ddd":0,"ind":1,"ty":1,"nm":"Vermelho","sr":1,"ks":{"o":{"a":0,"k":100,"ix":11},"r":{"a":0,"k":0,"ix":10},"p":{"a":0,"k":[211.25,391.625,0],"ix":2},"a":{"a":0,"k":[500,500,0],"ix":1},"s":{"a":0,"k":[100,100,100],"ix":6}},"ao":0,"hasMask":true,"masksProperties":[{"inv":false,"mode":"f","pt":{"a":0,"k":{"i":[[0,0],[-14.053,-13.405],[0,0],[33.82,-0.41],[23.118,-45.996],[0,0],[-34.898,0.43]],"o":[[19.419,-0.315],[0,0],[-24.659,-23.15],[-51.479,0.001],[0,0],[10.817,-33.182],[0,0]],"v":[[515.289,499.046],[567.524,519.474],[606.41,480.587],[515.265,445.145],[393.59,520.172],[438.809,555.265],[515.273,499.046]],"c":true},"ix":1},"o":{"a":0,"k":100,"ix":3},"x":{"a":0,"k":0,"ix":4},"nm":"Máscara 1"}],"sw":1000,"sh":1000,"sc":"#ea4335","ip":0,"op":250,"st":0,"bm":0},{"ddd":0,"ind":2,"ty":1,"nm":"Amarelo Sólido 1","sr":1,"ks":{"o":{"a":0,"k":100,"ix":11},"r":{"a":0,"k":0,"ix":10},"p":{"a":0,"k":[117.5,472.75,0],"ix":2},"a":{"a":0,"k":[500,500,0],"ix":1},"s":{"a":0,"k":[100,100,100],"ix":6}},"ao":0,"hasMask":true,"masksProperties":[{"inv":false,"mode":"f","pt":{"a":0,"k":{"i":[[0,0],[-5.697,16.905],[0,0],[0,0],[-19.334,-38.475]],"o":[[-5.697,-16.905],[0,0],[0,0],[-19.334,38.475],[0,0]],"v":[[532.285,526.034],[532.285,473.918],[532.285,438.849],[487.05,438.849],[487.05,561.151]],"c":true},"ix":1},"o":{"a":0,"k":100,"ix":3},"x":{"a":0,"k":0,"ix":4},"nm":"Máscara 1"}],"sw":1000,"sh":1000,"sc":"#fbbc04","ip":0,"op":250,"st":0,"bm":0},{"ddd":0,"ind":3,"ty":1,"nm":"Verde","sr":1,"ks":{"o":{"a":0,"k":100,"ix":11},"r":{"a":0,"k":0,"ix":10},"p":{"a":0,"k":[210.75,554.75,0],"ix":2},"a":{"a":0,"k":[500,500,0],"ix":1},"s":{"a":0,"k":[100,100,100],"ix":6}},"ao":0,"hasMask":true,"masksProperties":[{"inv":false,"mode":"f","pt":{"a":0,"k":{"i":[[0,0],[-24.808,22.039],[0,0],[24.596,38.424],[2.152,6.394],[0,0],[0,0],[-51.483,-0.002]],"o":[[33.171,0.928],[0,0],[-38.424,24.597],[-3.638,-5.682],[0,0],[0,0],[23.118,46.001],[0,0]],"v":[[515.713,554.596],[605.97,521.733],[562.076,487.695],[447.967,462.659],[439.25,444.476],[394.03,444.476],[394.03,479.569],[515.713,554.604]],"c":true},"ix":1},"o":{"a":0,"k":100,"ix":3},"x":{"a":0,"k":0,"ix":4},"nm":"Máscara 1"}],"sw":1000,"sh":1000,"sc":"#34a853","ip":0,"op":250,"st":0,"bm":0},{"ddd":0,"ind":4,"ty":1,"nm":"Médio Azul marinho Sólido 1","sr":1,"ks":{"o":{"a":0,"k":100,"ix":11},"r":{"a":0,"k":0,"ix":10},"p":{"a":0,"k":[293,511.5,0],"ix":2},"a":{"a":0,"k":[500,500,0],"ix":1},"s":{"a":0,"k":[100,100,100],"ix":6}},"ao":0,"hasMask":true,"masksProperties":[{"inv":false,"mode":"f","pt":{"a":0,"k":{"i":[[0,0],[1.57,9.146],[0,0],[0,0],[0,0],[14.337,-9.507],[0,0],[0,0],[1.245,37.605]],"o":[[0.012,-9.28],[0,0],[0,0],[0,0],[-3.039,16.932],[0,0],[0,0],[27.042,-26.162],[0,0]],"v":[[564.778,463.772],[562.437,436.083],[434.001,436.083],[434.001,488.525],[507.551,488.525],[480.347,529.919],[480.347,563.917],[524.241,563.917],[564.754,463.772]],"c":true},"ix":1},"o":{"a":0,"k":100,"ix":3},"x":{"a":0,"k":0,"ix":4},"nm":"Máscara 1"}],"sw":1000,"sh":1000,"sc":"#4285f4","ip":0,"op":250,"st":0,"bm":0}]}],"layers":[{"ddd":0,"ind":1,"ty":0,"nm":"Google","refId":"comp_0","sr":1,"ks":{"o":{"a":0,"k":100,"ix":11},"r":{"a":0,"k":0,"ix":10},"p":{"a":1,"k":[{"i":{"x":0,"y":1},"o":{"x":0.333,"y":0},"t":52,"s":[721.465,200,0],"to":[-53.392,0,0],"ti":[29.445,0,0]},{"t":74,"s":[500,200,0]}],"ix":2},"a":{"a":0,"k":[500,500,0],"ix":1},"s":{"a":0,"k":[100,100,100],"ix":6}},"ao":0,"w":1000,"h":1000,"ip":46,"op":108,"st":0,"bm":0},{"ddd":0,"ind":2,"ty":0,"nm":"Google","refId":"comp_0","sr":1,"ks":{"o":{"a":0,"k":100,"ix":11},"r":{"a":0,"k":0,"ix":10},"p":{"a":1,"k":[{"i":{"x":0,"y":1},"o":{"x":0.333,"y":0},"t":22,"s":[1419,200,0],"to":[-109.542,0,0],"ti":[243.422,0,0]},{"t":36,"s":[721.465,200,0]}],"ix":2},"a":{"a":0,"k":[500,500,0],"ix":1},"s":{"a":0,"k":[100,100,100],"ix":6}},"ao":0,"w":1000,"h":1000,"ip":0,"op":46,"st":0,"bm":0},{"ddd":0,"ind":3,"ty":4,"nm":"Camada de forma 1","td":1,"sr":1,"ks":{"o":{"a":0,"k":100,"ix":11},"r":{"a":0,"k":0,"ix":10},"p":{"a":1,"k":[{"i":{"x":0.833,"y":0.833},"o":{"x":0.167,"y":0.167},"t":52,"s":[376,180,0],"to":[-88,1.333,0],"ti":[88,-1.333,0]},{"t":69,"s":[-152,188,0]}],"ix":2},"a":{"a":0,"k":[0,0,0],"ix":1},"s":{"a":0,"k":[245.833,100,100],"ix":6}},"ao":0,"shapes":[{"ty":"gr","it":[{"ty":"rc","d":1,"s":{"a":0,"k":[344,464],"ix":2},"p":{"a":0,"k":[0,0],"ix":3},"r":{"a":0,"k":0,"ix":4},"nm":"Caminho do retângulo 1","mn":"ADBE Vector Shape - Rect","hd":false},{"ty":"fl","c":{"a":0,"k":[0.572548959769,0.152679996864,0.152679996864,1],"ix":4},"o":{"a":0,"k":100,"ix":5},"r":1,"bm":0,"nm":"Preenchimento 1","mn":"ADBE Vector Graphic - Fill","hd":false},{"ty":"tr","p":{"a":0,"k":[268,0],"ix":2},"a":{"a":0,"k":[0,0],"ix":1},"s":{"a":0,"k":[100,100],"ix":3},"r":{"a":0,"k":0,"ix":6},"o":{"a":0,"k":100,"ix":7},"sk":{"a":0,"k":0,"ix":4},"sa":{"a":0,"k":0,"ix":5},"nm":"Transformar"}],"nm":"Retângulo 1","np":3,"cix":2,"bm":0,"ix":1,"mn":"ADBE Vector Group","hd":false}],"ip":0,"op":108,"st":0,"bm":0},{"ddd":0,"ind":4,"ty":1,"nm":"Pay","tt":1,"sr":1,"ks":{"o":{"a":0,"k":100,"ix":11},"r":{"a":0,"k":0,"ix":10},"p":{"a":1,"k":[{"i":{"x":0,"y":1},"o":{"x":0.333,"y":0},"t":50,"s":[363.5,209.25,0],"to":[53.167,0,0],"ti":[-53.167,0,0]},{"t":73,"s":[682.5,209.25,0]}],"ix":2},"a":{"a":0,"k":[500,500,0],"ix":1},"s":{"a":0,"k":[100,100,100],"ix":6}},"ao":0,"hasMask":true,"masksProperties":[{"inv":false,"mode":"f","pt":{"a":0,"k":{"i":[[0,0],[0,0],[0,0],[0,0],[0,0],[-14.001,-13.542],[0.276,-19.036],[14.27,-12.78],[19.43,0.539],[0,0],[0,0]],"o":[[0,0],[0,0],[0,0],[0,0],[19.474,-0.413],[14.154,12.733],[0.407,19.152],[-14.04,13.442],[0,0],[0,0],[0,0]],"v":[[297.906,486.993],[297.906,583.019],[267.447,583.019],[267.447,345.922],[348.212,345.922],[400.518,366.437],[422.358,416.434],[400.518,466.74],[348.212,486.906],[297.906,486.906],[297.906,486.906]],"c":true},"ix":1},"o":{"a":0,"k":100,"ix":3},"x":{"a":0,"k":0,"ix":4},"nm":"Máscara 1"},{"inv":false,"mode":"s","pt":{"a":0,"k":{"i":[[0,0],[0,0],[0,0],[-7.877,8.152],[15.561,15.998],[0.267,0.26],[11.393,-0.331],[0,0],[0,0]],"o":[[0,0],[0,0],[11.331,0.342],[15.998,-15.562],[-0.26,-0.267],[-7.778,-8.332],[0,0],[0,0],[0,0]],"v":[[297.906,375.095],[297.906,457.868],[348.974,457.868],[379.131,445.607],[379.92,388.464],[379.131,387.674],[348.974,375.087],[297.906,375.087],[297.906,375.087]],"c":true},"ix":1},"o":{"a":0,"k":100,"ix":3},"x":{"a":0,"k":0,"ix":4},"nm":"Máscara 2"},{"inv":false,"mode":"f","pt":{"a":0,"k":{"i":[[0,0],[-14.785,-12.655],[0.969,-18.545],[0,0],[0,0],[0,0],[0,0],[20.491,0.252],[12.43,10.732],[-0.267,15.268],[-12.476,9.459],[-18.125,-0.903],[-13.784,-7.111],[0,0],[8.039,6.644],[10.836,-0.117],[8.775,-13.74],[0,0],[-25.864,-1.501]],"o":[[19.431,-1.078],[13.374,12.884],[0,0],[0,0],[0,0],[0,0],[-10.704,17.476],[-16.414,0.525],[-11.68,-9.837],[-0.532,-15.647],[14.766,-10.55],[15.498,-0.603],[0,0],[0.075,-10.429],[-8.044,-7.261],[-16.299,-0.377],[0,0],[14.847,-21.23],[0,0]],"v":[[492.544,415.505],[545.858,433.544],[565.389,483.025],[565.389,582.979],[536.248,582.979],[536.248,560.472],[534.915,560.472],[484.608,588.249],[439.754,572.376],[421.715,532.696],[440.762,492.659],[491.552,477.763],[536.224,487.691],[536.224,480.724],[523.637,453.741],[494.274,442.631],[453.888,464.153],[427.064,447.273],[492.568,415.529]],"c":true},"ix":1},"o":{"a":0,"k":100,"ix":3},"x":{"a":0,"k":0,"ix":4},"nm":"Máscara 3"},{"inv":false,"mode":"s","pt":{"a":0,"k":{"i":[[0,0],[-6.378,-4.591],[-8.562,0.16],[-9.085,9.082],[0.005,12.798],[14.133,-0.842],[9.095,-6.213],[0.127,-9.046]],"o":[[-0.034,7.859],[6.733,5.292],[12.846,-0.021],[9.619,-8.442],[-11.55,-8.188],[-11.007,-0.409],[-7.662,4.81],[0,0]],"v":[[453.142,533.339],[463.252,553.179],[486.902,561.115],[521.145,546.902],[536.272,513.483],[496.591,502.135],[465.641,511.071],[453.15,533.292]],"c":true},"ix":1},"o":{"a":0,"k":100,"ix":3},"x":{"a":0,"k":0,"ix":4},"nm":"Máscara 4"},{"inv":false,"mode":"f","pt":{"a":0,"k":{"i":[[0,0],[0,0],[0,0],[0,0],[0,0],[0,0],[0,0],[0,0],[0,0],[0,0]],"o":[[0,0],[0,0],[0,0],[0,0],[0,0],[0,0],[0,0],[0,0],[0,0],[0,0]],"v":[[732.553,420.807],[630.885,654.49],[599.434,654.49],[637.162,572.749],[570.309,420.823],[603.402,420.823],[651.717,537.323],[652.383,537.323],[699.388,420.822],[732.553,420.822]],"c":true},"ix":1},"o":{"a":0,"k":100,"ix":3},"x":{"a":0,"k":0,"ix":4},"nm":"Máscara 5"}],"sw":1000,"sh":1000,"sc":"#5f6368","ip":0,"op":108,"st":0,"bm":0}],"markers":[]}