{"nm":"map-icon-HTML","ddd":0,"h":46,"w":46,"meta":{"d":"map-icon-HTML","g":"Flow 1.10.2"},"layers":[{"ty":0,"nm":"map; location; pin; geolocation (3)-maskComposition","sr":1,"st":0,"op":31,"ip":0,"hd":false,"ddd":0,"bm":0,"hasMask":false,"ao":0,"ks":{"a":{"a":0,"k":[0,0]},"s":{"a":0,"k":[100,100]},"sk":{"a":0,"k":0},"p":{"a":0,"k":[0,0]},"r":{"a":0,"k":0},"sa":{"a":0,"k":0},"o":{"a":0,"k":100}},"ef":[],"w":46,"h":46,"refId":"maskComp_map; location; pin; geolocation (3)_4448AB89-9687-4696-8CF2-854FAADBA9FB","ind":1},{"ty":0,"nm":"Oval-composition","sr":1,"st":0,"op":31,"ip":0,"hd":false,"ddd":0,"bm":0,"hasMask":false,"ao":0,"ks":{"a":{"a":0,"k":[0,0]},"s":{"a":0,"k":[100,100]},"sk":{"a":0,"k":0},"p":{"a":0,"k":[0,0]},"r":{"a":0,"k":0},"sa":{"a":0,"k":0},"o":{"a":1,"k":[{"o":{"x":0.42,"y":0},"i":{"x":0.58,"y":1},"s":[0],"t":0},{"o":{"x":0.42,"y":0},"i":{"x":0.58,"y":1},"s":[100],"t":1.7999999999999998},{"s":[100],"t":30}]}},"ef":[],"w":46,"h":46,"refId":"comp_Oval_2971FDBA-D660-4D81-9A87-A9B047611D07","ind":2},{"ty":4,"nm":"Artboard-1-background","sr":1,"st":0,"op":31,"ip":0,"hd":false,"ddd":0,"bm":0,"hasMask":false,"ao":0,"ks":{"a":{"a":0,"k":[0,0]},"s":{"a":0,"k":[100,100]},"sk":{"a":0,"k":0},"p":{"a":0,"k":[0,0]},"r":{"a":0,"k":0},"sa":{"a":0,"k":0},"o":{"a":0,"k":100}},"ef":[],"shapes":[{"ty":"gr","bm":0,"hd":false,"nm":"Artboard-1-background","cix":2,"np":3,"it":[{"ty":"rc","bm":0,"hd":false,"nm":"Artboard-1-background","d":1,"p":{"a":0,"k":[23,23]},"r":{"a":0,"k":0},"s":{"a":0,"k":[46,46]}},{"ty":"fl","bm":0,"hd":false,"nm":"Fill 1","c":{"a":0,"k":[1,1,1]},"r":1,"o":{"a":0,"k":100}},{"ty":"tr","a":{"a":0,"k":[0,0]},"s":{"a":0,"k":[100,100]},"sk":{"a":0,"k":0},"p":{"a":0,"k":[0,0]},"r":{"a":0,"k":0},"sa":{"a":0,"k":0},"o":{"a":0,"k":100}}]}],"ind":3}],"v":"5.6.4","fr":30,"op":31,"ip":0,"assets":[{"nm":"","id":"comp_Oval_2971FDBA-D660-4D81-9A87-A9B047611D07","layers":[{"ty":3,"nm":"Oval-null","sr":1,"st":0,"op":31,"ip":0,"hd":false,"ddd":0,"bm":0,"hasMask":false,"ao":0,"ks":{"a":{"a":0,"k":[23,23,0]},"s":{"a":0,"k":[100,100]},"sk":{"a":0,"k":0},"p":{"s":true,"x":{"a":0,"k":23},"y":{"a":0,"k":23},"z":{"a":0,"k":0}},"r":{"a":0,"k":0},"sa":{"a":0,"k":0},"o":{"a":0,"k":100}},"ef":[],"ind":1},{"ty":4,"nm":"Oval-content","sr":1,"st":0,"op":31,"ip":0,"hd":false,"ddd":0,"bm":0,"hasMask":false,"ao":0,"ks":{"a":{"a":0,"k":[0,0]},"s":{"a":0,"k":[100,100]},"sk":{"a":0,"k":0},"p":{"a":0,"k":[0,0]},"r":{"a":0,"k":0},"sa":{"a":0,"k":0},"o":{"a":0,"k":100}},"ef":[],"shapes":[{"ty":"gr","bm":0,"hd":false,"nm":"Oval-content","cix":2,"np":3,"it":[{"ty":"sh","bm":0,"hd":false,"nm":"Oval-path","d":1,"ks":{"a":0,"k":{"c":true,"i":[[-12.70254902,0],[0,12.70254902],[12.70254902,0],[0,-12.70254902]],"o":[[12.70254902,0],[0,-12.70254902],[-12.70254902,0],[0,12.70254902]],"v":[[23,46],[46,23],[23,0],[0,23]]}}},{"ty":"fl","bm":0,"hd":false,"nm":"Fill 1","c":{"a":0,"k":[1,0.8627,0.2]},"r":1,"o":{"a":0,"k":100}},{"ty":"tr","a":{"a":0,"k":[0,0]},"s":{"a":0,"k":[100,100]},"sk":{"a":0,"k":0},"p":{"a":0,"k":[0,0]},"r":{"a":0,"k":0},"sa":{"a":0,"k":0},"o":{"a":0,"k":100}}]}],"ind":2,"parent":1}]},{"nm":"","id":"maskComp_map; location; pin; geolocation (3)_4448AB89-9687-4696-8CF2-854FAADBA9FB","layers":[{"ty":3,"nm":"map; location; pin; geolocation (3)-null","sr":1,"st":0,"op":31,"ip":0,"hd":false,"ddd":0,"bm":0,"hasMask":false,"ao":0,"ks":{"a":{"a":0,"k":[9,13.5,0]},"s":{"a":0,"k":[100,100]},"sk":{"a":0,"k":0},"p":{"s":true,"x":{"a":0,"k":23},"y":{"a":0,"k":23.5},"z":{"a":0,"k":0}},"r":{"a":0,"k":0},"sa":{"a":0,"k":0},"o":{"a":0,"k":100}},"ef":[],"ind":1},{"ty":4,"nm":"map; location; pin; geolocation (3)-mask","sr":1,"st":0,"op":31,"ip":0,"hd":false,"ddd":0,"bm":0,"hasMask":false,"ao":0,"ks":{"a":{"a":0,"k":[0,0]},"s":{"a":0,"k":[100,100]},"sk":{"a":0,"k":0},"p":{"a":0,"k":[0,0]},"r":{"a":0,"k":0},"sa":{"a":0,"k":0},"o":{"a":0,"k":100}},"ef":[],"shapes":[{"ty":"gr","bm":0,"hd":false,"nm":"map; location; pin; geolocation (3)-mask","cix":2,"np":3,"it":[{"ty":"rc","bm":0,"hd":false,"nm":"map; location; pin; geolocation (3)-background","d":1,"p":{"a":0,"k":[9,13.5]},"r":{"a":0,"k":0},"s":{"a":0,"k":[18,27]}},{"ty":"fl","bm":0,"hd":false,"nm":"Fill 1","c":{"a":0,"k":[0,0,0]},"r":1,"o":{"a":0,"k":0}},{"ty":"tr","a":{"a":0,"k":[0,0]},"s":{"a":0,"k":[100,100]},"sk":{"a":0,"k":0},"p":{"a":0,"k":[0,0]},"r":{"a":0,"k":0},"sa":{"a":0,"k":0},"o":{"a":0,"k":100}}]}],"ind":2,"parent":1},{"ty":0,"nm":"map; location; pin; geolocation (3)-composition","sr":1,"st":0,"op":31,"ip":0,"hd":false,"ddd":0,"bm":0,"hasMask":false,"ao":0,"ks":{"a":{"a":0,"k":[0,0]},"s":{"a":0,"k":[100,100]},"sk":{"a":0,"k":0},"p":{"a":0,"k":[0,0]},"r":{"a":0,"k":0},"sa":{"a":0,"k":0},"o":{"a":0,"k":100}},"ef":[],"w":46,"h":46,"refId":"comp_map; location; pin; geolocation (3)_4448AB89-9687-4696-8CF2-854FAADBA9FB","ind":3}]},{"nm":"","id":"comp_map; location; pin; geolocation (3)_4448AB89-9687-4696-8CF2-854FAADBA9FB","layers":[{"ty":3,"nm":"map; location; pin; geolocation (3)-null","sr":1,"st":0,"op":31,"ip":0,"hd":false,"ddd":0,"bm":0,"hasMask":false,"ao":0,"ks":{"a":{"a":0,"k":[9,13.5,0]},"s":{"a":0,"k":[100,100]},"sk":{"a":0,"k":0},"p":{"s":true,"x":{"a":0,"k":23},"y":{"a":0,"k":23.5},"z":{"a":0,"k":0}},"r":{"a":0,"k":0},"sa":{"a":0,"k":0},"o":{"a":0,"k":100}},"ef":[],"ind":1},{"ty":0,"nm":"Shape-composition","sr":1,"st":0,"op":31,"ip":0,"hd":false,"ddd":0,"bm":0,"hasMask":false,"ao":0,"ks":{"a":{"a":0,"k":[0,0]},"s":{"a":0,"k":[100,100]},"sk":{"a":0,"k":0},"p":{"a":0,"k":[0,0]},"r":{"a":0,"k":0},"sa":{"a":0,"k":0},"o":{"a":0,"k":100}},"ef":[],"w":46,"h":46,"refId":"comp_Shape_E634000F-246E-4BE5-9E25-90AEED3986E4","ind":2}]},{"nm":"","id":"comp_Shape_E634000F-246E-4BE5-9E25-90AEED3986E4","layers":[{"ty":3,"nm":"map; location; pin; geolocation (3)-null","sr":1,"st":0,"op":31,"ip":0,"hd":false,"ddd":0,"bm":0,"hasMask":false,"ao":0,"ks":{"a":{"a":0,"k":[9,13.5,0]},"s":{"a":0,"k":[100,100]},"sk":{"a":0,"k":0},"p":{"s":true,"x":{"a":0,"k":23},"y":{"a":0,"k":23.5},"z":{"a":0,"k":0}},"r":{"a":0,"k":0},"sa":{"a":0,"k":0},"o":{"a":0,"k":100}},"ef":[],"ind":1},{"ty":3,"nm":"Shape-null","sr":1,"st":0,"op":31,"ip":0,"hd":false,"ddd":0,"bm":0,"hasMask":false,"ao":0,"ks":{"a":{"a":0,"k":[9,13.5,0]},"s":{"a":0,"k":[100,100]},"sk":{"a":0,"k":0},"p":{"s":true,"x":{"a":0,"k":9},"y":{"a":0,"k":13.5},"z":{"a":0,"k":0}},"r":{"a":0,"k":0},"sa":{"a":0,"k":0},"o":{"a":0,"k":100}},"ef":[],"ind":2,"parent":1},{"ty":4,"nm":"Shape-size","sr":1,"st":0,"op":31,"ip":0,"hd":true,"ddd":0,"bm":0,"hasMask":false,"ao":0,"ks":{"a":{"a":0,"k":[0,0]},"s":{"a":0,"k":[100,100]},"sk":{"a":0,"k":0},"p":{"a":0,"k":[0,0]},"r":{"a":0,"k":0},"sa":{"a":0,"k":0},"o":{"a":0,"k":100}},"ef":[],"shapes":[{"ty":"gr","bm":0,"hd":false,"nm":"Shape-size","cix":2,"np":3,"it":[{"ty":"rc","bm":0,"hd":false,"nm":"sizeElement","d":1,"p":{"a":0,"k":[23,23]},"r":{"a":0,"k":0},"s":{"a":0,"k":[46,46]}},{"ty":"fl","bm":0,"hd":false,"nm":"Fill 1","c":{"a":0,"k":[0,0,0,0]},"r":1,"o":{"a":0,"k":0}},{"ty":"tr","a":{"a":0,"k":[0,0]},"s":{"a":0,"k":[100,100]},"sk":{"a":0,"k":0},"p":{"a":0,"k":[0,0]},"r":{"a":0,"k":0},"sa":{"a":0,"k":0},"o":{"a":0,"k":100}}]}],"ind":3},{"ty":4,"nm":"Shape-stroke","sr":1,"st":0,"op":31,"ip":0,"hd":false,"ddd":0,"bm":0,"hasMask":false,"ao":0,"ks":{"a":{"a":0,"k":[0,0]},"s":{"a":0,"k":[100,100]},"sk":{"a":0,"k":0},"p":{"a":0,"k":[0,0]},"r":{"a":0,"k":0},"sa":{"a":0,"k":0},"o":{"a":0,"k":100}},"ef":[],"shapes":[{"ty":"gr","bm":0,"hd":false,"nm":"Shape-stroke","cix":2,"np":3,"it":[{"ty":"sh","bm":0,"hd":false,"nm":"Shape-path","d":1,"ks":{"a":0,"k":{"c":true,"i":[[3.1616204399999983,0.01173447],[1.6261225199999998,-2.70481113],[-1.48407858,-2.7847146600000006],[0,0],[-0.162619740000002,0],[-0.08017991999999907,0.14097347999999954],[0,0],[1.6255648800000024,2.70204282]],"o":[[-3.1642959600000005,0.010075319999999999],[-1.62612252,2.7048111300000004],[0,0],[0.08017992000000085,0.14097347999999954],[0.16261973999999846,0],[0,0],[1.4796705599999989,-2.7840326400000013],[-1.6255648799999989,-2.70204282]],"v":[[9.00239022,0],[1.28376414,4.37439717],[1.05489396,13.21946919],[8.60501538,26.77189968],[8.997874560000001,27],[9.39073374,26.77189968],[16.94988648,13.210470090000001],[16.71484176,4.37206302]]}}},{"ty":"sh","bm":0,"hd":false,"nm":"Shape-path","d":1,"ks":{"a":0,"k":{"c":true,"i":[[1.1974525199999988,0],[0,2.4852814199999997],[-2.4935655600000004,0],[0,-2.4852811499999996],[0.8467268399999988,-0.8439136199999986]],"o":[[-2.4935655600000004,0],[0,-2.4852811499999996],[2.4935655599999986,0],[0,1.1934742499999995],[-0.8467266599999999,0.8439138900000014]],"v":[[9,13.5],[4.48500006,8.99999991],[9,4.50000009],[13.51499994,8.99999991],[12.1925871,12.18198042]]}}},{"ty":"st","bm":0,"hd":false,"nm":"Stroke 1","lc":1,"lj":1,"ml":10,"o":{"a":0,"k":100},"w":{"a":1,"k":[{"o":{"x":0,"y":0},"i":{"x":1,"y":1},"s":[1],"t":0},{"o":{"x":0.42,"y":0},"i":{"x":0.58,"y":1},"s":[1],"t":20.700000000000003},{"s":[0],"t":30}]},"d":[{"nm":"dash0","n":"d","v":{"a":0,"k":70}},{"nm":"gap0","n":"g","v":{"a":0,"k":70}},{"nm":"offset","n":"o","v":{"a":1,"k":[{"o":{"x":0,"y":0},"i":{"x":1,"y":1},"s":[-70],"t":0},{"o":{"x":0.42,"y":0},"i":{"x":0.58,"y":1},"s":[-70],"t":1.7999999999999998},{"o":{"x":0.42,"y":0},"i":{"x":0.58,"y":1},"s":[0],"t":20.700000000000003},{"s":[0],"t":30}]}}],"c":{"a":0,"k":[1,1,1]}},{"ty":"tm","bm":0,"hd":false,"nm":"Trim Paths 1","e":{"a":0,"k":100},"o":{"a":0,"k":0},"s":{"a":0,"k":0},"m":2},{"ty":"tr","a":{"a":0,"k":[0,0]},"s":{"a":0,"k":[100,100]},"sk":{"a":0,"k":0},"p":{"a":0,"k":[0,0]},"r":{"a":0,"k":0},"sa":{"a":0,"k":0},"o":{"a":0,"k":100}}]}],"ind":4,"parent":2},{"ty":4,"nm":"Shape-content","sr":1,"st":0,"op":31,"ip":0,"hd":false,"ddd":0,"bm":0,"hasMask":false,"ao":0,"ks":{"a":{"a":0,"k":[0,0]},"s":{"a":0,"k":[100,100]},"sk":{"a":0,"k":0},"p":{"a":0,"k":[0,0]},"r":{"a":0,"k":0},"sa":{"a":0,"k":0},"o":{"a":0,"k":100}},"ef":[],"shapes":[{"ty":"gr","bm":0,"hd":false,"nm":"Shape-content","cix":2,"np":3,"it":[{"ty":"sh","bm":0,"hd":false,"nm":"Shape-path","d":1,"ks":{"a":0,"k":{"c":true,"i":[[3.1616204399999983,0.01173447],[1.6261225199999998,-2.70481113],[-1.48407858,-2.7847146600000006],[0,0],[-0.162619740000002,0],[-0.08017991999999907,0.14097347999999954],[0,0],[1.6255648800000024,2.70204282]],"o":[[-3.1642959600000005,0.010075319999999999],[-1.62612252,2.7048111300000004],[0,0],[0.08017992000000085,0.14097347999999954],[0.16261973999999846,0],[0,0],[1.4796705599999989,-2.7840326400000013],[-1.6255648799999989,-2.70204282]],"v":[[9.00239022,0],[1.28376414,4.37439717],[1.05489396,13.21946919],[8.60501538,26.77189968],[8.997874560000001,27],[9.39073374,26.77189968],[16.94988648,13.210470090000001],[16.71484176,4.37206302]]}}},{"ty":"sh","bm":0,"hd":false,"nm":"Shape-path","d":1,"ks":{"a":0,"k":{"c":true,"i":[[1.1974525199999988,0],[0,2.4852814199999997],[-2.4935655600000004,0],[0,-2.4852811499999996],[0.8467268399999988,-0.8439136199999986]],"o":[[-2.4935655600000004,0],[0,-2.4852811499999996],[2.4935655599999986,0],[0,1.1934742499999995],[-0.8467266599999999,0.8439138900000014]],"v":[[9,13.5],[4.48500006,8.99999991],[9,4.50000009],[13.51499994,8.99999991],[12.1925871,12.18198042]]}}},{"ty":"fl","bm":0,"hd":false,"nm":"Fill 1","c":{"a":1,"k":[{"o":{"x":0,"y":0},"i":{"x":1,"y":1},"s":[0,0,0],"t":0},{"o":{"x":0.42,"y":0},"i":{"x":0.58,"y":1},"s":[0,0,0],"t":18},{"o":{"x":0.42,"y":0},"i":{"x":0.58,"y":1},"s":[1,1,1],"t":26.1},{"s":[1,1,1],"t":30}]},"r":1,"o":{"a":1,"k":[{"o":{"x":0,"y":0},"i":{"x":1,"y":1},"s":[0],"t":0},{"o":{"x":0.42,"y":0},"i":{"x":0.58,"y":1},"s":[0],"t":18},{"o":{"x":0.42,"y":0},"i":{"x":0.58,"y":1},"s":[100],"t":26.1},{"s":[100],"t":30}]}},{"ty":"tr","a":{"a":0,"k":[0,0]},"s":{"a":0,"k":[100,100]},"sk":{"a":0,"k":0},"p":{"a":0,"k":[0,0]},"r":{"a":0,"k":0},"sa":{"a":0,"k":0},"o":{"a":0,"k":100}}]}],"ind":5,"parent":2}]}]}