{"v":"5.6.2","fr":29.9700012207031,"ip":0,"op":120.0000048877,"w":390,"h":355,"nm":"car animation ","ddd":0,"assets":[{"id":"image_0","w":960,"h":960,"u":"images/","p":"img_0.png","e":0},{"id":"image_1","w":960,"h":960,"u":"images/","p":"img_1.png","e":0},{"id":"image_2","w":960,"h":960,"u":"images/","p":"img_2.png","e":0},{"id":"image_3","w":960,"h":960,"u":"images/","p":"img_3.png","e":0},{"id":"image_4","w":960,"h":960,"u":"images/","p":"img_4.png","e":0},{"id":"image_5","w":960,"h":960,"u":"images/","p":"img_5.png","e":0},{"id":"comp_0","layers":[{"ddd":0,"ind":1,"ty":2,"nm":"Layer 2","refId":"image_0","sr":1,"ks":{"o":{"a":0,"k":100,"ix":11},"r":{"a":1,"k":[{"i":{"x":[0.833],"y":[0.833]},"o":{"x":[0.167],"y":[0.167]},"t":0,"s":[0]},{"t":299.00001217852,"s":[20520]}],"ix":10},"p":{"a":0,"k":[717,569,0],"ix":2},"a":{"a":0,"k":[714,566,0],"ix":1},"s":{"a":0,"k":[100,100,100],"ix":6}},"ao":0,"ip":0,"op":300.00001221925,"st":0,"bm":0},{"ddd":0,"ind":2,"ty":2,"nm":"Layer 3","refId":"image_1","sr":1,"ks":{"o":{"a":0,"k":100,"ix":11},"r":{"a":1,"k":[{"i":{"x":[0.833],"y":[0.833]},"o":{"x":[0.167],"y":[0.167]},"t":0,"s":[0]},{"t":299.00001217852,"s":[20520]}],"ix":10},"p":{"a":0,"k":[237,566,0],"ix":2},"a":{"a":0,"k":[236.25,566,0],"ix":1},"s":{"a":0,"k":[100,100,100],"ix":6}},"ao":0,"ip":0,"op":300.00001221925,"st":0,"bm":0},{"ddd":0,"ind":3,"ty":2,"nm":"Layer 1","refId":"image_2","sr":1,"ks":{"o":{"a":0,"k":100,"ix":11},"r":{"a":0,"k":0,"ix":10},"p":{"a":0,"k":[480,480,0],"ix":2},"a":{"a":0,"k":[480,480,0],"ix":1},"s":{"a":0,"k":[100,100,100],"ix":6}},"ao":0,"ip":0,"op":300.00001221925,"st":0,"bm":0}]},{"id":"comp_1","layers":[{"ddd":0,"ind":1,"ty":2,"nm":"man ","refId":"image_4","sr":1,"ks":{"o":{"a":0,"k":100,"ix":11},"r":{"a":0,"k":0,"ix":10},"p":{"a":0,"k":[480,480,0],"ix":2},"a":{"a":0,"k":[480,480,0],"ix":1},"s":{"a":0,"k":[100,100,100],"ix":6}},"ao":0,"ef":[{"ty":5,"nm":"Stretch Master Control(corner)","np":4,"mn":"ADBE CM TransCorner","ix":1,"en":1,"ef":[{"ty":0,"nm":"Transition Completion","mn":"ADBE CM TransCorner-0001","ix":1,"v":{"a":1,"k":[{"i":{"x":[0.667],"y":[1]},"o":{"x":[0.167],"y":[0.167]},"t":12,"s":[0]},{"t":42.0200017115097,"s":[100]}],"ix":1}},{"ty":7,"nm":"...the other corner","mn":"ADBE CM TransCorner-0002","ix":2,"v":{"a":0,"k":0,"ix":2}}]},{"ty":5,"nm":"(Transform)","np":14,"mn":"ADBE Geometry2","ix":2,"en":1,"ef":[{"ty":3,"nm":"Anchor Point","mn":"ADBE Geometry2-0001","ix":1,"v":{"a":0,"k":[480,480],"ix":1,"x":"var $bm_rt;\nif (effect('Stretch Master Control(corner)')('...the other corner') == true) {\n    $bm_rt = [\n        thisLayer.width,\n        thisLayer.height\n    ];\n} else {\n    $bm_rt = [\n        0,\n        thisLayer.height\n    ];\n}"}},{"ty":3,"nm":"Position","mn":"ADBE Geometry2-0002","ix":2,"v":{"a":0,"k":[480,480],"ix":2,"x":"var $bm_rt;\nif (effect('Stretch Master Control(corner)')('...the other corner') == true) {\n    $bm_rt = [\n        thisLayer.width,\n        thisLayer.height\n    ];\n} else {\n    $bm_rt = [\n        0,\n        thisLayer.height\n    ];\n}"}},{"ty":7,"nm":"Uniform Scale","mn":"ADBE Geometry2-0011","ix":3,"v":{"a":0,"k":1,"ix":3}},{"ty":0,"nm":"Scale Height","mn":"ADBE Geometry2-0003","ix":4,"v":{"a":0,"k":100,"ix":4,"x":"var $bm_rt;\nvar transComplete;\ntransComplete = effect('Stretch Master Control(corner)')('Transition Completion');\n$bm_rt = linear(transComplete, 0, 100, 0, 100);"}},{"ty":0,"nm":"Scale Width","mn":"ADBE Geometry2-0004","ix":5,"v":{"a":0,"k":100,"ix":5}},{"ty":0,"nm":"Skew","mn":"ADBE Geometry2-0005","ix":6,"v":{"a":0,"k":0,"ix":6}},{"ty":0,"nm":"Skew Axis","mn":"ADBE Geometry2-0006","ix":7,"v":{"a":0,"k":0,"ix":7}},{"ty":0,"nm":"Rotation","mn":"ADBE Geometry2-0007","ix":8,"v":{"a":0,"k":0,"ix":8}},{"ty":0,"nm":"Opacity","mn":"ADBE Geometry2-0008","ix":9,"v":{"a":0,"k":100,"ix":9}},{"ty":7,"nm":"Use Composition’s Shutter Angle","mn":"ADBE Geometry2-0009","ix":10,"v":{"a":0,"k":1,"ix":10}},{"ty":0,"nm":"Shutter Angle","mn":"ADBE Geometry2-0010","ix":11,"v":{"a":0,"k":0,"ix":11}},{"ty":7,"nm":"Sampling","mn":"ADBE Geometry2-0012","ix":12,"v":{"a":0,"k":1,"ix":12}}]}],"ip":0,"op":79.000003217736,"st":0,"bm":0},{"ddd":0,"ind":2,"ty":2,"nm":"backg round","refId":"image_5","sr":1,"ks":{"o":{"a":0,"k":100,"ix":11},"r":{"a":0,"k":0,"ix":10},"p":{"a":0,"k":[480,480,0],"ix":2},"a":{"a":0,"k":[480,480,0],"ix":1},"s":{"a":0,"k":[100,100,100],"ix":6}},"ao":0,"ef":[{"ty":5,"nm":"Slide Master Control","np":4,"mn":"ADBE CM TransSlide","ix":1,"en":1,"ef":[{"ty":0,"nm":"Transition Completion","mn":"ADBE CM TransSlide-0001","ix":1,"v":{"a":1,"k":[{"i":{"x":[0.667],"y":[1]},"o":{"x":[0.167],"y":[0.167]},"t":0,"s":[0]},{"t":30.0200012227397,"s":[100]}],"ix":1}},{"ty":7,"nm":"reverse direction","mn":"ADBE CM TransSlide-0002","ix":2,"v":{"a":0,"k":0,"ix":2}}]},{"ty":5,"nm":"(Transform)","np":14,"mn":"ADBE Geometry2","ix":2,"en":1,"ef":[{"ty":3,"nm":"Anchor Point","mn":"ADBE Geometry2-0001","ix":1,"v":{"a":0,"k":[0,0],"ix":1}},{"ty":3,"nm":"Position","mn":"ADBE Geometry2-0002","ix":2,"v":{"a":0,"k":[0,0],"ix":2,"x":"var $bm_rt;\nvar transComplete, xPos, xPos;\ntransComplete = effect('Slide Master Control')('Transition Completion');\nif (effect('Slide Master Control')('reverse direction') == true) {\n    xPos = linear(transComplete, 0, 100, thisLayer.width, 0);\n} else {\n    xPos = linear(transComplete, 0, 100, $bm_neg(thisLayer.width), 0);\n}\n;\n$bm_rt = [\n    xPos,\n    0\n];"}},{"ty":7,"nm":"Uniform Scale","mn":"ADBE Geometry2-0011","ix":3,"v":{"a":0,"k":1,"ix":3}},{"ty":0,"nm":"Scale Height","mn":"ADBE Geometry2-0003","ix":4,"v":{"a":0,"k":100,"ix":4}},{"ty":0,"nm":"Scale Width","mn":"ADBE Geometry2-0004","ix":5,"v":{"a":0,"k":100,"ix":5}},{"ty":0,"nm":"Skew","mn":"ADBE Geometry2-0005","ix":6,"v":{"a":0,"k":0,"ix":6}},{"ty":0,"nm":"Skew Axis","mn":"ADBE Geometry2-0006","ix":7,"v":{"a":0,"k":0,"ix":7}},{"ty":0,"nm":"Rotation","mn":"ADBE Geometry2-0007","ix":8,"v":{"a":0,"k":0,"ix":8}},{"ty":0,"nm":"Opacity","mn":"ADBE Geometry2-0008","ix":9,"v":{"a":0,"k":100,"ix":9}},{"ty":7,"nm":"Use Composition’s Shutter Angle","mn":"ADBE Geometry2-0009","ix":10,"v":{"a":0,"k":1,"ix":10}},{"ty":0,"nm":"Shutter Angle","mn":"ADBE Geometry2-0010","ix":11,"v":{"a":0,"k":0,"ix":11}},{"ty":7,"nm":"Sampling","mn":"ADBE Geometry2-0012","ix":12,"v":{"a":0,"k":1,"ix":12}}]}],"ip":0,"op":300.00001221925,"st":0,"bm":0}]}],"layers":[{"ddd":0,"ind":1,"ty":0,"nm":"car 01","refId":"comp_0","sr":1,"ks":{"o":{"a":0,"k":100,"ix":11},"r":{"a":0,"k":0,"ix":10},"p":{"a":1,"k":[{"i":{"x":0.833,"y":0.833},"o":{"x":0.167,"y":0.167},"t":40,"s":[-149,230.5,0],"to":[55.667,0,0],"ti":[-55.667,0,0]},{"i":{"x":0.833,"y":0.833},"o":{"x":0.167,"y":0.167},"t":62,"s":[185,230.5,0],"to":[0,0,0],"ti":[0,0,0]},{"i":{"x":0.833,"y":0.833},"o":{"x":0.167,"y":0.167},"t":82,"s":[185,230.5,0],"to":[64.833,0,0],"ti":[-64.833,0,0]},{"t":107.000004358199,"s":[574,230.5,0]}],"ix":2},"a":{"a":0,"k":[480,480,0],"ix":1},"s":{"a":0,"k":[-36.25,36.25,100],"ix":6}},"ao":0,"ef":[{"ty":5,"nm":"Gaussian Blur (Legacy)","np":4,"mn":"ADBE Gaussian Blur","ix":1,"en":1,"ef":[{"ty":0,"nm":"Blurriness","mn":"ADBE Gaussian Blur-0001","ix":1,"v":{"a":0,"k":1.5,"ix":1}},{"ty":7,"nm":"Blur Dimensions","mn":"ADBE Gaussian Blur-0002","ix":2,"v":{"a":0,"k":1,"ix":2}}]},{"ty":5,"nm":"Brightness & Contrast","np":5,"mn":"ADBE Brightness & Contrast 2","ix":2,"en":1,"ef":[{"ty":0,"nm":"Brightness","mn":"ADBE Brightness & Contrast 2-0001","ix":1,"v":{"a":0,"k":0,"ix":1}},{"ty":0,"nm":"Contrast","mn":"ADBE Brightness & Contrast 2-0002","ix":2,"v":{"a":0,"k":40,"ix":2}},{"ty":7,"nm":"Use Legacy (supports HDR)","mn":"ADBE Brightness & Contrast 2-0003","ix":3,"v":{"a":0,"k":0,"ix":3}}]}],"w":960,"h":960,"ip":0,"op":300.00001221925,"st":0,"bm":0},{"ddd":0,"ind":2,"ty":2,"nm":"custom mobile map 01.ai","cl":"ai","refId":"image_3","sr":1,"ks":{"o":{"a":0,"k":100,"ix":11},"r":{"a":0,"k":0,"ix":10},"p":{"a":1,"k":[{"i":{"x":0.833,"y":0.833},"o":{"x":0.167,"y":0.167},"t":19,"s":[446,179.5,0],"to":[-30.25,-1,0],"ti":[30.25,1,0]},{"t":40.0000016292334,"s":[264.5,173.5,0]}],"ix":2},"a":{"a":0,"k":[480,480,0],"ix":1},"s":{"a":0,"k":[20.625,24.375,100],"ix":6}},"ao":0,"ip":19.0000007738859,"op":319.000012993136,"st":19.0000007738859,"bm":0},{"ddd":0,"ind":3,"ty":0,"nm":"scene 01","refId":"comp_1","sr":1,"ks":{"o":{"a":0,"k":100,"ix":11},"r":{"a":0,"k":0,"ix":10},"p":{"a":0,"k":[195,177.5,0],"ix":2},"a":{"a":0,"k":[480,480,0],"ix":1},"s":{"a":0,"k":[40.833,36.667,100],"ix":6}},"ao":0,"w":960,"h":960,"ip":0,"op":300.00001221925,"st":0,"bm":0},{"ddd":0,"ind":4,"ty":1,"nm":"White Solid 1","sr":1,"ks":{"o":{"a":0,"k":100,"ix":11},"r":{"a":0,"k":0,"ix":10},"p":{"a":0,"k":[195,177.5,0],"ix":2},"a":{"a":0,"k":[195,177.5,0],"ix":1},"s":{"a":0,"k":[100,100,100],"ix":6}},"ao":0,"sw":390,"sh":355,"sc":"#ffffff","ip":0,"op":300.00001221925,"st":0,"bm":0}],"markers":[]}